INSERT INTO DOCTOR (FISCAL_CODE, NAME, SURNAME, EMAIL)
    VALUES ('BOVEEE99R69PP99L', 'Luigi', 'Rozzani', 'luigi.rozzani@ambulatorio.vr.it');
INSERT INTO DOCTOR (FISCAL_CODE, NAME, SURNAME, EMAIL)
    VALUES ('BOVRNK89R6PP433Y', 'Samuele', 'Soratti', 'samuele.soratti@ambulatorio.vr.it');
INSERT INTO DOCTOR (FISCAL_CODE, NAME, SURNAME, EMAIL)
    VALUES ('BOVEEE99R69PP99Y', 'Valeria', 'Giovetti', 'valeria.giovetti@ambulatorio.vr.it');

INSERT INTO PATIENT (FISCAL_CODE, NAME, SURNAME, DOCTOR_FISCAL_CODE, ADDITIONAL_INFO)
    VALUES ('KVCLND01B24Z129T', 'Giorgia', 'Franchetti', 'BOVRNK89R6PP433Y', 'sottopeso');
INSERT INTO PRESSURE_MEASUREMENT(DATE_TIME, DIASTOLIC_PRESSURE, SISTOLIC_PRESSURE, SYMPTOMS_BIT_STRING, PATIENT_FISCAL_CODE)
    VALUES ( NOW(), 90, 160, 14, 'KVCLND01B24Z129T' );
INSERT INTO THERAPY(ID, DOCTOR_FISCAL_CODE, PATIENT_FISCAL_CODE, START_DATE)
    VALUES (100000, 'BOVRNK89R6PP433Y', 'KVCLND01B24Z129T', DATEADD('DAY', -7, current_date));
UPDATE PATIENT SET THERAPY_ID = 100000 WHERE FISCAL_CODE = 'KVCLND01B24Z129T';

INSERT INTO PATIENT (FISCAL_CODE, NAME, SURNAME, DOCTOR_FISCAL_CODE, ADDITIONAL_INFO)
    VALUES ('KVCLND01B24Z339T', 'Riccardo', 'Albelli', 'BOVRNK89R6PP433Y', '');
INSERT INTO PRESSURE_MEASUREMENT(DATE_TIME, DIASTOLIC_PRESSURE, SISTOLIC_PRESSURE, SYMPTOMS_BIT_STRING, PATIENT_FISCAL_CODE)
    VALUES ( NOW(), 90, 180, 0, 'KVCLND01B24Z339T' );
INSERT INTO THERAPY(ID, DOCTOR_FISCAL_CODE, PATIENT_FISCAL_CODE, START_DATE)
    VALUES (100001, 'BOVRNK89R6PP433Y', 'KVCLND01B24Z339T', DATEADD('DAY', -7, current_date));
UPDATE PATIENT SET THERAPY_ID = 100001 WHERE FISCAL_CODE = 'KVCLND01B24Z339T';

-- dottore
INSERT INTO DOCTOR (FISCAL_CODE, NAME, SURNAME, EMAIL)
    VALUES ('BNCRNI85R63A433X', 'Mario', 'Bruno', 'mario.bruno@italia.it');
-- paziente collegato al dottor Bruno
INSERT INTO PATIENT (FISCAL_CODE, NAME, SURNAME, DOCTOR_FISCAL_CODE, ADDITIONAL_INFO)
    VALUES ('VRDLSE99A41F205P', 'Matteo', 'Bellini', 'BNCRNI85R63A433X', 'fumatore, leggermente sovrappeso');
-- terapia per il paziente Matteo
INSERT INTO THERAPY(ID, DOCTOR_FISCAL_CODE, PATIENT_FISCAL_CODE, START_DATE)
    VALUES (100002, 'BNCRNI85R63A433X', 'VRDLSE99A41F205P', DATEADD('DAY', -7, current_date));
UPDATE PATIENT SET THERAPY_ID = 100002 WHERE FISCAL_CODE = 'VRDLSE99A41F205P';
-- farmaci legati alla terapia di matteo
INSERT INTO PRESCRIPTION(ID, INDICATIONS, NAME, SUGGESTED_QUANTITY, TIMES_PER_DAY, THERAPY_ID)
    VALUES (100000, 'dopo i pasti', 'Farmaco A', 10, 2, 100002);
INSERT INTO PRESCRIPTION(ID, INDICATIONS, NAME, SUGGESTED_QUANTITY, TIMES_PER_DAY, THERAPY_ID)
    VALUES (100001, 'a colazione', 'Farmaco B', 2, 1, 100002);
INSERT INTO PRESCRIPTION(ID, INDICATIONS, NAME, SUGGESTED_QUANTITY, TIMES_PER_DAY, THERAPY_ID)
    VALUES (100002, '', 'Farmaco C', 200, 1, 100002);

-- inserimento farmaci relativi alla terapia
INSERT INTO MEDICATION_TAKEN(DATE_TIME, QUANTITY_TAKEN, PRESCRIPTION_ID)
    VALUES ( DATEADD('DAY', -1, NOW()), 10 , 100000);
INSERT INTO MEDICATION_TAKEN(DATE_TIME, QUANTITY_TAKEN, PRESCRIPTION_ID)
VALUES ( DATEADD('DAY', -1, NOW()), 10 , 100000);
INSERT INTO MEDICATION_TAKEN(DATE_TIME, QUANTITY_TAKEN, PRESCRIPTION_ID)
VALUES ( DATEADD('DAY', -1, NOW()), 2 , 100001);
INSERT INTO MEDICATION_TAKEN(DATE_TIME, QUANTITY_TAKEN, PRESCRIPTION_ID)
VALUES ( DATEADD('DAY', -1, NOW()), 200 , 100002);

INSERT INTO MEDICATION_TAKEN(DATE_TIME, QUANTITY_TAKEN, PRESCRIPTION_ID)
VALUES ( DATEADD('DAY', -3, NOW()), 10 , 100000);
INSERT INTO MEDICATION_TAKEN(DATE_TIME, QUANTITY_TAKEN, PRESCRIPTION_ID)
VALUES ( DATEADD('DAY', -3, NOW()), 10 , 100000);
INSERT INTO MEDICATION_TAKEN(DATE_TIME, QUANTITY_TAKEN, PRESCRIPTION_ID)
VALUES ( DATEADD('DAY', -3, NOW()), 2 , 100001);
INSERT INTO MEDICATION_TAKEN(DATE_TIME, QUANTITY_TAKEN, PRESCRIPTION_ID)
VALUES ( DATEADD('DAY', -3, NOW()), 200 , 100002);

INSERT INTO MEDICATION_TAKEN(DATE_TIME, QUANTITY_TAKEN, PRESCRIPTION_ID)
VALUES ( DATEADD('DAY', -5, NOW()), 10 , 100000);
INSERT INTO MEDICATION_TAKEN(DATE_TIME, QUANTITY_TAKEN, PRESCRIPTION_ID)
VALUES ( DATEADD('DAY', -5, NOW()), 10 , 100000);
INSERT INTO MEDICATION_TAKEN(DATE_TIME, QUANTITY_TAKEN, PRESCRIPTION_ID)
VALUES ( DATEADD('DAY', -5, NOW()), 2 , 100001);
INSERT INTO MEDICATION_TAKEN(DATE_TIME, QUANTITY_TAKEN, PRESCRIPTION_ID)
VALUES ( DATEADD('DAY', -5, NOW()), 200 , 100002);

-- misurazione della pressione
INSERT INTO PRESSURE_MEASUREMENT(DATE_TIME, SISTOLIC_PRESSURE, DIASTOLIC_PRESSURE, SYMPTOMS_BIT_STRING, PATIENT_FISCAL_CODE)
    VALUES ( NOW(), 135, 85, 6, 'VRDLSE99A41F205P' );
INSERT INTO PRESSURE_MEASUREMENT(DATE_TIME, SISTOLIC_PRESSURE, DIASTOLIC_PRESSURE, SYMPTOMS_BIT_STRING, PATIENT_FISCAL_CODE)
VALUES ( '2023-07-06 19:40', 145, 85, 6, 'VRDLSE99A41F205P' );
INSERT INTO PRESSURE_MEASUREMENT(DATE_TIME, SISTOLIC_PRESSURE, DIASTOLIC_PRESSURE, SYMPTOMS_BIT_STRING, PATIENT_FISCAL_CODE)
VALUES ( '2023-07-05 19:40', 155, 90, 6, 'VRDLSE99A41F205P' );

INSERT INTO PRESSURE_MEASUREMENT(DATE_TIME, SISTOLIC_PRESSURE, DIASTOLIC_PRESSURE, SYMPTOMS_BIT_STRING, PATIENT_FISCAL_CODE)
VALUES ( '2023-07-04 19:40', 142, 92, 6, 'VRDLSE99A41F205P' );
INSERT INTO PRESSURE_MEASUREMENT(DATE_TIME, SISTOLIC_PRESSURE, DIASTOLIC_PRESSURE, SYMPTOMS_BIT_STRING, PATIENT_FISCAL_CODE)
VALUES ( '2023-07-03 19:40', 162, 95, 6, 'VRDLSE99A41F205P' );
INSERT INTO PRESSURE_MEASUREMENT(DATE_TIME, SISTOLIC_PRESSURE, DIASTOLIC_PRESSURE, SYMPTOMS_BIT_STRING, PATIENT_FISCAL_CODE)
VALUES ( '2023-07-01 19:40', 182, 115, 6, 'VRDLSE99A41F205P' );

